what,kind,bundleId,bundleVersion,description,time
executed,command,org.eclipse.ui.workbench.texteditor,3.7.0.v20110928-1504,"org.eclipse.ui.edit.text.goto.lineEnd",1349250672813
executed,command,org.eclipse.ui,3.7.0.v20110928-1505,"org.eclipse.ui.edit.delete",1349250675590
executed,command,org.eclipse.ui,3.7.0.v20110928-1505,"org.eclipse.ui.edit.delete",1349250675746
executed,command,org.eclipse.ui,3.7.0.v20110928-1505,"org.eclipse.ui.edit.delete",1349250675918
executed,command,org.eclipse.ui,3.7.0.v20110928-1505,"org.eclipse.ui.edit.delete",1349250676074
executed,command,org.eclipse.ui,3.7.0.v20110928-1505,"org.eclipse.ui.edit.delete",1349250677665
executed,command,org.eclipse.ui,3.7.0.v20110928-1505,"org.eclipse.ui.edit.delete",1349250677961
executed,command,org.eclipse.ui,3.7.0.v20110928-1505,"org.eclipse.ui.edit.delete",1349250678149
executed,command,org.eclipse.ui,3.7.0.v20110928-1505,"org.eclipse.ui.edit.delete",1349250678336
executed,command,org.eclipse.ui,3.7.0.v20110928-1505,"org.eclipse.ui.edit.delete",1349250680863
executed,command,org.eclipse.ui,3.7.0.v20110928-1505,"org.eclipse.ui.edit.delete",1349250681035
executed,command,org.eclipse.ui,3.7.0.v20110928-1505,"org.eclipse.ui.edit.delete",1349250681206
executed,command,org.eclipse.ui,3.7.0.v20110928-1505,"org.eclipse.ui.edit.delete",1349250681394
executed,command,org.eclipse.ui.workbench.texteditor,3.7.0.v20110928-1504,"org.eclipse.ui.edit.text.goto.lineStart",1349250682642
executed,command,org.eclipse.ui,3.7.0.v20110928-1505,"org.eclipse.ui.edit.delete",1349250684373
executed,command,org.eclipse.ui,3.7.0.v20110928-1505,"org.eclipse.ui.edit.delete",1349250684576
executed,command,org.eclipse.ui,3.7.0.v20110928-1505,"org.eclipse.ui.edit.delete",1349250684748
executed,command,org.eclipse.ui,3.7.0.v20110928-1505,"org.eclipse.ui.edit.delete",1349250684919
executed,command,org.eclipse.ui,3.7.0.v20110928-1505,"org.eclipse.ui.edit.delete",1349250690005
executed,command,org.eclipse.ui,3.7.0.v20110928-1505,"org.eclipse.ui.edit.delete",1349250690177
executed,command,org.eclipse.ui,3.7.0.v20110928-1505,"org.eclipse.ui.edit.delete",1349250690348
executed,command,org.eclipse.ui,3.7.0.v20110928-1505,"org.eclipse.ui.edit.delete",1349250692345
executed,command,org.eclipse.ui,3.7.0.v20110928-1505,"org.eclipse.ui.edit.delete",1349250692517
executed,command,org.eclipse.ui,3.7.0.v20110928-1505,"org.eclipse.ui.edit.delete",1349250692704
executed,command,org.eclipse.ui,3.7.0.v20110928-1505,"org.eclipse.ui.edit.delete",1349250692829
executed,command,org.eclipse.ui,3.7.0.v20110928-1505,"org.eclipse.ui.edit.delete",1349250696947
executed,command,org.eclipse.ui,3.7.0.v20110928-1505,"org.eclipse.ui.edit.delete",1349250697150
executed,command,org.eclipse.ui,3.7.0.v20110928-1505,"org.eclipse.ui.edit.delete",1349250697322
executed,command,org.eclipse.ui,3.7.0.v20110928-1505,"org.eclipse.ui.file.saveAll",1349250700473
activated,view,org.eclipse.jdt.junit,3.7.0.v20110928-1453,"org.eclipse.jdt.junit.ResultView",1349250702298
executed,command,org.eclipse.jdt.junit,3.7.0.v20110928-1453,"org.eclipse.jdt.junit.junitShortcut.rerunLast",1349250702392
activated,editor,org.eclipse.jdt.ui,3.7.2.v20120109-1427,"org.eclipse.jdt.ui.CompilationUnitEditor",1349250710005
executed,command,org.eclipse.ui,3.7.0.v20110928-1505,"org.eclipse.ui.file.saveAll",1349250750441
executed,command,org.eclipse.jdt.ui,3.7.2.v20120109-1427,"org.eclipse.jdt.ui.edit.text.java.rename.element",1349250802001
activated,view,org.eclipse.jdt.junit,3.7.0.v20110928-1453,"org.eclipse.jdt.junit.ResultView",1349250899911
activated,editor,org.eclipse.jdt.ui,3.7.2.v20120109-1427,"org.eclipse.jdt.ui.CompilationUnitEditor",1349250900145
executed,command,org.eclipse.ui.workbench.texteditor,3.7.0.v20110928-1504,"org.eclipse.ui.edit.text.goto.lineEnd",1349251029925
deactivated,workbench,org.eclipse.ui.workbench,3.7.1.v20120104-1859,"",1349251038864
no handler,command,org.eclipse.ui,3.7.0.v20110928-1505,"org.eclipse.ui.edit.text.contentAssist.proposals",1349251038880
activated,workbench,org.eclipse.ui.workbench,3.7.1.v20120104-1859,"",1349251039878
executed,command,org.eclipse.ui,3.7.0.v20110928-1505,"org.eclipse.ui.newWizard",1349251039894
executed,command,org.eclipse.ui,3.7.0.v20110928-1505,"org.eclipse.ui.edit.text.contentAssist.proposals",1349251040815
executed,command,org.eclipse.ui.workbench.texteditor,3.7.0.v20110928-1504,"org.eclipse.ui.edit.text.goto.lineStart",1349251052265
executed,command,org.eclipse.ui.workbench.texteditor,3.7.0.v20110928-1504,"org.eclipse.ui.edit.text.select.lineEnd",1349251053404
executed,command,org.eclipse.ui.workbench.texteditor,3.7.0.v20110928-1504,"org.eclipse.ui.edit.text.moveLineUp",1349251054465
executed,command,org.eclipse.ui.workbench.texteditor,3.7.0.v20110928-1504,"org.eclipse.ui.edit.text.moveLineUp",1349251054621
executed,command,org.eclipse.ui.workbench.texteditor,3.7.0.v20110928-1504,"org.eclipse.ui.edit.text.moveLineUp",1349251054793
executed,command,org.eclipse.ui.workbench.texteditor,3.7.0.v20110928-1504,"org.eclipse.ui.edit.text.moveLineUp",1349251054964
executed,command,org.eclipse.jdt.ui,3.7.2.v20120109-1427,"org.eclipse.jdt.ui.edit.text.java.indent",1349251060300
executed,command,org.eclipse.ui,3.7.0.v20110928-1505,"org.eclipse.ui.file.saveAll",1349251095011
activated,view,org.eclipse.jdt.junit,3.7.0.v20110928-1453,"org.eclipse.jdt.junit.ResultView",1349251095931
executed,command,org.eclipse.jdt.junit,3.7.0.v20110928-1453,"org.eclipse.jdt.junit.junitShortcut.rerunLast",1349251096025
activated,view,org.eclipse.jdt.ui,3.7.2.v20120109-1427,"org.eclipse.jdt.ui.PackageExplorer",1349251115681
deactivated,workbench,org.eclipse.ui.workbench,3.7.1.v20120104-1859,"",1349251132982
activated,workbench,org.eclipse.ui.workbench,3.7.1.v20120104-1859,"",1349251150611
executed,command,org.eclipse.ui,3.7.0.v20110928-1505,"org.eclipse.ui.file.properties",1349251150642
activated,editor,org.eclipse.jdt.ui,3.7.2.v20120109-1427,"org.eclipse.jdt.ui.CompilationUnitEditor",1349251157569
executed,command,,,"AUTOGEN:::org.eclipse.jdt.internal.ui.CompilationUnitEditor.ruler.actions/org.eclipse.jdt.internal.ui.javaeditor.JavaSelectRulerAction",1349251182046
deactivated,workbench,org.eclipse.ui.workbench,3.7.1.v20120104-1859,"",1349251184074
activated,workbench,org.eclipse.ui.workbench,3.7.1.v20120104-1859,"",1349251184246
executed,command,org.eclipse.jdt.ui,3.7.2.v20120109-1427,"org.eclipse.jdt.ui.edit.text.java.toggle.comment",1349251192171
executed,command,org.eclipse.jdt.ui,3.7.2.v20120109-1427,"org.eclipse.jdt.ui.edit.text.java.toggle.comment",1349251197334
executed,command,org.eclipse.ui,3.7.0.v20110928-1505,"org.eclipse.ui.file.saveAll",1349251204043
activated,view,org.eclipse.jdt.ui,3.7.2.v20120109-1427,"org.eclipse.jdt.ui.PackageExplorer",1349251208879
activated,editor,org.eclipse.jdt.ui,3.7.2.v20120109-1427,"org.eclipse.jdt.ui.CompilationUnitEditor",1349251211968
activated,view,org.eclipse.jdt.ui,3.7.2.v20120109-1427,"org.eclipse.jdt.ui.PackageExplorer",1349251218301
deactivated,workbench,org.eclipse.ui.workbench,3.7.1.v20120104-1859,"",1349251220985
activated,workbench,org.eclipse.ui.workbench,3.7.1.v20120104-1859,"",1349251223247
executed,command,org.eclipse.jdt.junit,3.7.0.v20110928-1453,"org.eclipse.jdt.junit.junitShortcut.run",1349251223247
activated,editor,org.eclipse.jdt.ui,3.7.2.v20120109-1427,"org.eclipse.jdt.ui.CompilationUnitEditor",1349251224432
executed,command,,,"AUTOGEN:::org.eclipse.jdt.internal.ui.CompilationUnitEditor.ruler.actions/org.eclipse.jdt.internal.ui.javaeditor.JavaSelectRulerAction",1349251237100
deactivated,workbench,org.eclipse.ui.workbench,3.7.1.v20120104-1859,"",1349251239159
activated,workbench,org.eclipse.ui.workbench,3.7.1.v20120104-1859,"",1349251239362
executed,command,org.eclipse.ui,3.7.0.v20110928-1505,"org.eclipse.ui.file.saveAll",1349251243808
activated,view,org.eclipse.jdt.ui,3.7.2.v20120109-1427,"org.eclipse.jdt.ui.PackageExplorer",1349251245587
executed,command,org.eclipse.jdt.junit,3.7.0.v20110928-1453,"org.eclipse.jdt.junit.junitShortcut.run",1349251247833
deactivated,workbench,org.eclipse.ui.workbench,3.7.1.v20120104-1859,"",1349251247864
activated,workbench,org.eclipse.ui.workbench,3.7.1.v20120104-1859,"",1349251250438
deactivated,workbench,org.eclipse.ui.workbench,3.7.1.v20120104-1859,"",1349251250938
activated,workbench,org.eclipse.ui.workbench,3.7.1.v20120104-1859,"",1349251255602
deactivated,workbench,org.eclipse.ui.workbench,3.7.1.v20120104-1859,"",1349251255633
activated,workbench,org.eclipse.ui.workbench,3.7.1.v20120104-1859,"",1349251264494
deactivated,workbench,org.eclipse.ui.workbench,3.7.1.v20120104-1859,"",1349251272154
activated,workbench,org.eclipse.ui.workbench,3.7.1.v20120104-1859,"",1349251286148
executed,command,org.eclipse.ui,3.7.0.v20110928-1505,"org.eclipse.ui.file.properties",1349251286164
activated,editor,org.eclipse.jdt.ui,3.7.2.v20120109-1427,"org.eclipse.jdt.ui.CompilationUnitEditor",1349251287646
executed,command,org.eclipse.jdt.junit,3.7.0.v20110928-1453,"org.eclipse.jdt.junit.junitShortcut.run",1349251289721
deactivated,workbench,org.eclipse.ui.workbench,3.7.1.v20120104-1859,"",1349251289736
activated,workbench,org.eclipse.ui.workbench,3.7.1.v20120104-1859,"",1349251291312
deactivated,workbench,org.eclipse.ui.workbench,3.7.1.v20120104-1859,"",1349251291515
activated,workbench,org.eclipse.ui.workbench,3.7.1.v20120104-1859,"",1349251295025
deactivated,workbench,org.eclipse.ui.workbench,3.7.1.v20120104-1859,"",1349251295071
activated,workbench,org.eclipse.ui.workbench,3.7.1.v20120104-1859,"",1349251301733
deactivated,workbench,org.eclipse.ui.workbench,3.7.1.v20120104-1859,"",1349251301764
activated,workbench,org.eclipse.ui.workbench,3.7.1.v20120104-1859,"",1349251304338
executed,command,org.eclipse.ui,3.7.0.v20110928-1505,"org.eclipse.ui.edit.undo",1349251323246
executed,command,org.eclipse.ui,3.7.0.v20110928-1505,"org.eclipse.ui.edit.undo",1349251323558
executed,command,org.eclipse.ui,3.7.0.v20110928-1505,"org.eclipse.ui.edit.undo",1349251323886
executed,command,org.eclipse.ui,3.7.0.v20110928-1505,"org.eclipse.ui.edit.undo",1349251324182
executed,command,org.eclipse.ui,3.7.0.v20110928-1505,"org.eclipse.ui.edit.undo",1349251324541
executed,command,org.eclipse.ui,3.7.0.v20110928-1505,"org.eclipse.ui.edit.undo",1349251324837
executed,command,org.eclipse.ui,3.7.0.v20110928-1505,"org.eclipse.ui.file.save",1349251324868
executed,command,org.eclipse.ui,3.7.0.v20110928-1505,"org.eclipse.ui.edit.undo",1349251328301
executed,command,org.eclipse.ui,3.7.0.v20110928-1505,"org.eclipse.ui.edit.undo",1349251329642
executed,command,org.eclipse.ui,3.7.0.v20110928-1505,"org.eclipse.ui.edit.undo",1349251330048
executed,command,org.eclipse.ui,3.7.0.v20110928-1505,"org.eclipse.ui.edit.undo",1349251330453
executed,command,org.eclipse.ui,3.7.0.v20110928-1505,"org.eclipse.ui.edit.undo",1349251330812
executed,command,org.eclipse.ui,3.7.0.v20110928-1505,"org.eclipse.ui.edit.undo",1349251331296
executed,command,org.eclipse.ui,3.7.0.v20110928-1505,"org.eclipse.ui.edit.undo",1349251331670
executed,command,org.eclipse.ui,3.7.0.v20110928-1505,"org.eclipse.ui.edit.undo",1349251332060
executed,command,org.eclipse.ui,3.7.0.v20110928-1505,"org.eclipse.ui.edit.undo",1349251332388
executed,command,org.eclipse.ui,3.7.0.v20110928-1505,"org.eclipse.ui.edit.undo",1349251332731
executed,command,org.eclipse.ui,3.7.0.v20110928-1505,"org.eclipse.ui.edit.undo",1349251333074
executed,command,org.eclipse.ui,3.7.0.v20110928-1505,"org.eclipse.ui.edit.undo",1349251333418
executed,command,org.eclipse.ui,3.7.0.v20110928-1505,"org.eclipse.ui.edit.undo",1349251333745
executed,command,org.eclipse.ui,3.7.0.v20110928-1505,"org.eclipse.ui.edit.undo",1349251334120
executed,command,org.eclipse.ui,3.7.0.v20110928-1505,"org.eclipse.ui.edit.undo",1349251334759
activated,view,org.eclipse.jdt.ui,3.7.2.v20120109-1427,"org.eclipse.jdt.ui.PackageExplorer",1349251339673
deactivated,workbench,org.eclipse.ui.workbench,3.7.1.v20120104-1859,"",1349251342965
activated,workbench,org.eclipse.ui.workbench,3.7.1.v20120104-1859,"",1349251352372
executed,command,org.eclipse.ui,3.7.0.v20110928-1505,"org.eclipse.ui.file.properties",1349251352403
executed,command,org.eclipse.jdt.junit,3.7.0.v20110928-1453,"org.eclipse.jdt.junit.junitShortcut.run",1349251358238
deactivated,workbench,org.eclipse.ui.workbench,3.7.1.v20120104-1859,"",1349251358269
activated,workbench,org.eclipse.ui.workbench,3.7.1.v20120104-1859,"",1349251359626
activated,view,org.eclipse.jdt.junit,3.7.0.v20110928-1453,"org.eclipse.jdt.junit.ResultView",1349251359985
activated,view,org.eclipse.jdt.ui,3.7.2.v20120109-1427,"org.eclipse.jdt.ui.PackageExplorer",1349251363511
activated,editor,org.eclipse.jdt.ui,3.7.2.v20120109-1427,"org.eclipse.jdt.ui.CompilationUnitEditor",1349251366117
activated,view,org.eclipse.jdt.ui,3.7.2.v20120109-1427,"org.eclipse.jdt.ui.PackageExplorer",1349252271056
closed,editor,org.eclipse.jdt.ui,3.7.2.v20120109-1427,"org.eclipse.jdt.ui.CompilationUnitEditor",1349252271056
closed,editor,org.eclipse.jdt.ui,3.7.2.v20120109-1427,"org.eclipse.jdt.ui.CompilationUnitEditor",1349252271072
closed,editor,org.eclipse.jdt.ui,3.7.2.v20120109-1427,"org.eclipse.jdt.ui.CompilationUnitEditor",1349252271088
closed,editor,org.eclipse.jdt.ui,3.7.2.v20120109-1427,"org.eclipse.jdt.ui.CompilationUnitEditor",1349252271088
closed,editor,org.eclipse.jdt.ui,3.7.2.v20120109-1427,"org.eclipse.jdt.ui.CompilationUnitEditor",1349252271103
closed,editor,org.eclipse.jdt.ui,3.7.2.v20120109-1427,"org.eclipse.jdt.ui.CompilationUnitEditor",1349252271119
closed,editor,org.eclipse.jdt.ui,3.7.2.v20120109-1427,"org.eclipse.jdt.ui.CompilationUnitEditor",1349252271134
closed,editor,org.eclipse.jdt.ui,3.7.2.v20120109-1427,"org.eclipse.jdt.ui.CompilationUnitEditor",1349252271150
closed,editor,org.eclipse.jdt.ui,3.7.2.v20120109-1427,"org.eclipse.jdt.ui.CompilationUnitEditor",1349252271150
closed,editor,org.eclipse.jdt.ui,3.7.2.v20120109-1427,"org.eclipse.jdt.ui.CompilationUnitEditor",1349252271166
closed,editor,org.eclipse.jdt.ui,3.7.2.v20120109-1427,"org.eclipse.jdt.ui.CompilationUnitEditor",1349252271166
closed,editor,org.eclipse.jdt.ui,3.7.2.v20120109-1427,"org.eclipse.jdt.ui.CompilationUnitEditor",1349252271181
closed,editor,org.eclipse.jdt.ui,3.7.2.v20120109-1427,"org.eclipse.jdt.ui.CompilationUnitEditor",1349252271197
deactivated,workbench,org.eclipse.ui.workbench,3.7.1.v20120104-1859,"",1349252289512
activated,workbench,org.eclipse.ui.workbench,3.7.1.v20120104-1859,"",1349252831741
opened,editor,org.eclipse.jdt.ui,3.7.2.v20120109-1427,"org.eclipse.jdt.ui.CompilationUnitEditor",1349252834143
activated,editor,org.eclipse.jdt.ui,3.7.2.v20120109-1427,"org.eclipse.jdt.ui.CompilationUnitEditor",1349252834174
executed,command,org.eclipse.jdt.debug.ui,3.6.1.v20111006_r372,"org.eclipse.jdt.debug.ui.localJavaShortcut.run",1349252943159
executed,command,org.eclipse.jdt.ui,3.7.2.v20120109-1427,"org.eclipse.jdt.ui.edit.text.java.toggle.comment",1349253009649
executed,command,org.eclipse.jdt.ui,3.7.2.v20120109-1427,"org.eclipse.jdt.ui.edit.text.java.toggle.comment",1349253015499
executed,command,org.eclipse.ui,3.7.0.v20110928-1505,"org.eclipse.ui.file.saveAll",1349253035312
executed,command,org.eclipse.ui,3.7.0.v20110928-1505,"org.eclipse.ui.edit.undo",1349253059539
executed,command,org.eclipse.ui,3.7.0.v20110928-1505,"org.eclipse.ui.edit.undo",1349253059960
executed,command,org.eclipse.jdt.ui,3.7.2.v20120109-1427,"org.eclipse.jdt.ui.edit.text.java.toggle.comment",1349253064547
executed,command,org.eclipse.jdt.ui,3.7.2.v20120109-1427,"org.eclipse.jdt.ui.edit.text.java.toggle.comment",1349253069523
executed,command,org.eclipse.ui,3.7.0.v20110928-1505,"org.eclipse.ui.file.saveAll",1349253073049
executed,command,org.eclipse.ui,3.7.0.v20110928-1505,"org.eclipse.ui.edit.undo",1349253122284
executed,command,org.eclipse.ui,3.7.0.v20110928-1505,"org.eclipse.ui.edit.undo",1349253122643
executed,command,org.eclipse.ui,3.7.0.v20110928-1505,"org.eclipse.ui.file.saveAll",1349253126715
deactivated,workbench,org.eclipse.ui.workbench,3.7.1.v20120104-1859,"",1349253130506
activated,workbench,org.eclipse.ui.workbench,3.7.1.v20120104-1859,"",1349253663997
activated,view,org.eclipse.jdt.ui,3.7.2.v20120109-1427,"org.eclipse.jdt.ui.PackageExplorer",1349253666789
started,bundle,org.eclipse.ui.browser,3.3.101.v20111019-1723,"org.eclipse.ui.browser",1349253673108
opened,editor,org.eclipse.ui.browser,3.3.101.v20111019-1723,"org.eclipse.ui.browser.editor",1349253673310
activated,editor,org.eclipse.ui.browser,3.3.101.v20111019-1723,"org.eclipse.ui.browser.editor",1349253673342
activated,view,org.eclipse.jdt.ui,3.7.2.v20120109-1427,"org.eclipse.jdt.ui.PackageExplorer",1349253697436
opened,editor,org.eclipse.jdt.ui,3.7.2.v20120109-1427,"org.eclipse.jdt.ui.CompilationUnitEditor",1349253706796
activated,editor,org.eclipse.jdt.ui,3.7.2.v20120109-1427,"org.eclipse.jdt.ui.CompilationUnitEditor",1349253706843
activated,editor,org.eclipse.ui.browser,3.3.101.v20111019-1723,"org.eclipse.ui.browser.editor",1349253717639
activated,view,org.eclipse.jdt.ui,3.7.2.v20120109-1427,"org.eclipse.jdt.ui.PackageExplorer",1349253722568
activated,editor,org.eclipse.ui.browser,3.3.101.v20111019-1723,"org.eclipse.ui.browser.editor",1349253725455
activated,editor,org.eclipse.jdt.ui,3.7.2.v20120109-1427,"org.eclipse.jdt.ui.CompilationUnitEditor",1349253748561
closed,editor,org.eclipse.ui.browser,3.3.101.v20111019-1723,"org.eclipse.ui.browser.editor",1349253748561
deactivated,workbench,org.eclipse.ui.workbench,3.7.1.v20120104-1859,"",1349253752758
activated,workbench,org.eclipse.ui.workbench,3.7.1.v20120104-1859,"",1349255469443
activated,view,org.eclipse.jdt.ui,3.7.2.v20120109-1427,"org.eclipse.jdt.ui.PackageExplorer",1349255473609
opened,editor,org.eclipse.jdt.ui,3.7.2.v20120109-1427,"org.eclipse.jdt.ui.CompilationUnitEditor",1349255482797
activated,editor,org.eclipse.jdt.ui,3.7.2.v20120109-1427,"org.eclipse.jdt.ui.CompilationUnitEditor",1349255482844
executed,command,org.eclipse.jdt.debug.ui,3.6.1.v20111006_r372,"org.eclipse.jdt.debug.ui.localJavaShortcut.run",1349255521518
deactivated,workbench,org.eclipse.ui.workbench,3.7.1.v20120104-1859,"",1349255521908
activated,workbench,org.eclipse.ui.workbench,3.7.1.v20120104-1859,"",1349255523530
activated,view,org.eclipse.ui.console,3.5.100.v20111007_r372,"org.eclipse.ui.console.ConsoleView",1349255524856
activated,view,org.eclipse.jdt.ui,3.7.2.v20120109-1427,"org.eclipse.jdt.ui.PackageExplorer",1349255528990
opened,editor,org.eclipse.ui.editors,3.7.0.v20110928-1504,"org.eclipse.ui.DefaultTextEditor",1349255529193
activated,editor,org.eclipse.ui.editors,3.7.0.v20110928-1504,"org.eclipse.ui.DefaultTextEditor",1349255529224
activated,editor,org.eclipse.jdt.ui,3.7.2.v20120109-1427,"org.eclipse.jdt.ui.CompilationUnitEditor",1349255562547
activated,view,org.eclipse.ui.console,3.5.100.v20111007_r372,"org.eclipse.ui.console.ConsoleView",1349255563218
deactivated,workbench,org.eclipse.ui.workbench,3.7.1.v20120104-1859,"",1349255608007
activated,workbench,org.eclipse.ui.workbench,3.7.1.v20120104-1859,"",1349255638320
deactivated,workbench,org.eclipse.ui.workbench,3.7.1.v20120104-1859,"",1349255641050
activated,workbench,org.eclipse.ui.workbench,3.7.1.v20120104-1859,"",1349255794965
deactivated,workbench,org.eclipse.ui.workbench,3.7.1.v20120104-1859,"",1349255796916
activated,workbench,org.eclipse.ui.workbench,3.7.1.v20120104-1859,"",1349255812860
activated,view,org.eclipse.jdt.ui,3.7.2.v20120109-1427,"org.eclipse.jdt.ui.PackageExplorer",1349255816994
opened,editor,org.eclipse.jdt.ui,3.7.2.v20120109-1427,"org.eclipse.jdt.ui.CompilationUnitEditor",1349255817244
activated,editor,org.eclipse.jdt.ui,3.7.2.v20120109-1427,"org.eclipse.jdt.ui.CompilationUnitEditor",1349255817291
activated,view,org.eclipse.jdt.ui,3.7.2.v20120109-1427,"org.eclipse.jdt.ui.PackageExplorer",1349255880145
opened,editor,org.eclipse.jdt.ui,3.7.2.v20120109-1427,"org.eclipse.jdt.ui.CompilationUnitEditor",1349255880363
activated,editor,org.eclipse.jdt.ui,3.7.2.v20120109-1427,"org.eclipse.jdt.ui.CompilationUnitEditor",1349255880410
activated,view,org.eclipse.jdt.ui,3.7.2.v20120109-1427,"org.eclipse.jdt.ui.PackageExplorer",1349255906198
executed,command,org.eclipse.jdt.junit,3.7.0.v20110928-1453,"org.eclipse.jdt.junit.junitShortcut.run",1349255908413
activated,view,org.eclipse.jdt.junit,3.7.0.v20110928-1453,"org.eclipse.jdt.junit.ResultView",1349255908710
activated,editor,org.eclipse.jdt.ui,3.7.2.v20120109-1427,"org.eclipse.jdt.ui.CompilationUnitEditor",1349255915231
executed,command,org.eclipse.ui,3.7.0.v20110928-1505,"org.eclipse.ui.edit.text.contentAssist.proposals",1349256163091
executed,command,org.eclipse.ui,3.7.0.v20110928-1505,"org.eclipse.ui.edit.text.contentAssist.proposals",1349256199394
executed,command,org.eclipse.ui,3.7.0.v20110928-1505,"org.eclipse.ui.edit.delete",1349256200845
executed,command,org.eclipse.ui,3.7.0.v20110928-1505,"org.eclipse.ui.edit.delete",1349256200985
executed,command,org.eclipse.ui,3.7.0.v20110928-1505,"org.eclipse.ui.edit.text.contentAssist.proposals",1349256257709
executed,command,org.eclipse.ui,3.7.0.v20110928-1505,"org.eclipse.ui.edit.text.contentAssist.proposals",1349256268287
executed,command,org.eclipse.ui,3.7.0.v20110928-1505,"org.eclipse.ui.edit.text.contentAssist.proposals",1349256281906
executed,command,org.eclipse.ui,3.7.0.v20110928-1505,"org.eclipse.ui.file.saveAll",1349256303434
activated,view,org.eclipse.jdt.junit,3.7.0.v20110928-1453,"org.eclipse.jdt.junit.ResultView",1349256304542
activated,editor,org.eclipse.jdt.ui,3.7.2.v20120109-1427,"org.eclipse.jdt.ui.CompilationUnitEditor",1349256311656
executed,command,org.eclipse.ui,3.7.0.v20110928-1505,"org.eclipse.ui.file.saveAll",1349256322514
activated,view,org.eclipse.jdt.junit,3.7.0.v20110928-1453,"org.eclipse.jdt.junit.ResultView",1349256324214
executed,command,org.eclipse.jdt.junit,3.7.0.v20110928-1453,"org.eclipse.jdt.junit.junitShortcut.rerunLast",1349256324308
activated,editor,org.eclipse.jdt.ui,3.7.2.v20120109-1427,"org.eclipse.jdt.ui.CompilationUnitEditor",1349256326414
executed,command,org.eclipse.ui,3.7.0.v20110928-1505,"org.eclipse.ui.edit.copy",1349256351390
executed,command,org.eclipse.ui,3.7.0.v20110928-1505,"org.eclipse.ui.edit.paste",1349256354557
executed,command,org.eclipse.ui,3.7.0.v20110928-1505,"org.eclipse.ui.edit.delete",1349256366258
executed,command,org.eclipse.ui,3.7.0.v20110928-1505,"org.eclipse.ui.edit.delete",1349256366414
executed,command,org.eclipse.ui,3.7.0.v20110928-1505,"org.eclipse.ui.edit.delete",1349256366585
executed,command,org.eclipse.ui,3.7.0.v20110928-1505,"org.eclipse.ui.edit.delete",1349256371453
executed,command,org.eclipse.ui,3.7.0.v20110928-1505,"org.eclipse.ui.edit.delete",1349256374308
executed,command,org.eclipse.ui,3.7.0.v20110928-1505,"org.eclipse.ui.edit.delete",1349256381078
executed,command,org.eclipse.ui,3.7.0.v20110928-1505,"org.eclipse.ui.edit.delete",1349256381265
executed,command,org.eclipse.ui,3.7.0.v20110928-1505,"org.eclipse.ui.edit.delete",1349256381437
executed,command,org.eclipse.ui,3.7.0.v20110928-1505,"org.eclipse.ui.file.saveAll",1349256385165
activated,view,org.eclipse.jdt.ui,3.7.2.v20120109-1427,"org.eclipse.jdt.ui.PackageExplorer",1349256386491
executed,command,org.eclipse.jdt.junit,3.7.0.v20110928-1453,"org.eclipse.jdt.junit.junitShortcut.run",1349256391328
activated,view,org.eclipse.jdt.junit,3.7.0.v20110928-1453,"org.eclipse.jdt.junit.ResultView",1349256391624
activated,view,org.eclipse.jdt.ui,3.7.2.v20120109-1427,"org.eclipse.jdt.ui.PackageExplorer",1349256394448
executed,command,org.eclipse.jdt.junit,3.7.0.v20110928-1453,"org.eclipse.jdt.junit.junitShortcut.run",1349256399440
activated,view,org.eclipse.jdt.junit,3.7.0.v20110928-1453,"org.eclipse.jdt.junit.ResultView",1349256399721
activated,view,org.eclipse.jdt.ui,3.7.2.v20120109-1427,"org.eclipse.jdt.ui.PackageExplorer",1349256408363
deactivated,workbench,org.eclipse.ui.workbench,3.7.1.v20120104-1859,"",1349256413215
activated,workbench,org.eclipse.ui.workbench,3.7.1.v20120104-1859,"",1349256414619
executed,command,org.eclipse.jdt.junit,3.7.0.v20110928-1453,"org.eclipse.jdt.junit.junitShortcut.run",1349256414619
activated,editor,org.eclipse.jdt.ui,3.7.2.v20120109-1427,"org.eclipse.jdt.ui.CompilationUnitEditor",1349256416288
executed,command,org.eclipse.jdt.debug.ui,3.6.1.v20111006_r372,"org.eclipse.jdt.debug.ui.localJavaShortcut.run",1349256418675
deactivated,workbench,org.eclipse.ui.workbench,3.7.1.v20120104-1859,"",1349256419050
activated,workbench,org.eclipse.ui.workbench,3.7.1.v20120104-1859,"",1349256433622
activated,editor,org.eclipse.jdt.ui,3.7.2.v20120109-1427,"org.eclipse.jdt.ui.CompilationUnitEditor",1349256451141
deactivated,workbench,org.eclipse.ui.workbench,3.7.1.v20120104-1859,"",1349256708424
activated,workbench,org.eclipse.ui.workbench,3.7.1.v20120104-1859,"",1349257426611
activated,editor,org.eclipse.jdt.ui,3.7.2.v20120109-1427,"org.eclipse.jdt.ui.CompilationUnitEditor",1349257667795
executed,command,org.eclipse.jdt.junit,3.7.0.v20110928-1453,"org.eclipse.jdt.junit.junitShortcut.run",1349257672272
activated,editor,org.eclipse.jdt.ui,3.7.2.v20120109-1427,"org.eclipse.jdt.ui.CompilationUnitEditor",1349257675486
deactivated,workbench,org.eclipse.ui.workbench,3.7.1.v20120104-1859,"",1349261050620
activated,workbench,org.eclipse.ui.workbench,3.7.1.v20120104-1859,"",1349261052976
activated,view,org.eclipse.ui.console,3.5.100.v20111007_r372,"org.eclipse.ui.console.ConsoleView",1349261055051
activated,view,org.eclipse.jdt.ui,3.7.2.v20120109-1427,"org.eclipse.jdt.ui.PackageExplorer",1349261059684
